1,1,Sport bike,1,"[{""added"": {}}]",8,1,2023-04-03 14:00:46.734296
2,5dac0709-8cde-438b-8e09-0829cbed3d7e,Ducati,1,"[{""added"": {}}]",7,1,2023-04-03 14:02:46.495859
3,1c717edc-c444-4087-b650-55eef585be8b,jaime (1c717edc-c444-4087-b650-55eef585be8b),1,"[{""added"": {}}]",11,2,2023-04-12 20:26:14.191513
4,1152760a-8028-4d19-82de-103bc05425b5,jaime (1152760a-8028-4d19-82de-103bc05425b5),1,"[{""added"": {}}]",11,2,2023-04-12 20:26:30.945876
5,99c4fbf3-ea28-4501-bf1c-2da66d1b2139,jaime (99c4fbf3-ea28-4501-bf1c-2da66d1b2139),1,"[{""added"": {}}]",11,2,2023-04-12 20:27:26.643014
6,f6524acb-2518-41ae-97d9-b6f025f63ce1,jaime (f6524acb-2518-41ae-97d9-b6f025f63ce1),3,"",11,2,2023-04-16 17:01:26.998024
7,a4789717-12e4-47b0-8d55-d8538af3d269,jaime (a4789717-12e4-47b0-8d55-d8538af3d269),3,"",11,2,2023-04-16 17:01:27.008597
8,16d2b477-e22b-4264-bbf1-a632a649e6aa,jaime (16d2b477-e22b-4264-bbf1-a632a649e6aa),3,"",11,2,2023-04-16 17:01:27.011226
9,4bb1b271-06d3-473b-94f1-c95826859b17,jaime (4bb1b271-06d3-473b-94f1-c95826859b17),3,"",11,2,2023-04-16 17:01:27.013561
10,9452a368-a1d1-44f1-8506-03598c091bbb,admin (9452a368-a1d1-44f1-8506-03598c091bbb),1,"[{""added"": {}}]",10,2,2023-04-16 21:39:11.231163
11,1cd2ec08-aa8e-415f-a02d-241d3b659174,jaime (1cd2ec08-aa8e-415f-a02d-241d3b659174),1,"[{""added"": {}}]",10,2,2023-04-16 21:39:53.230667
12,1,worker,1,"[{""added"": {}}]",3,2,2023-04-19 13:40:13.494830
13,3,worker,1,"[{""added"": {}}]",6,2,2023-04-19 13:41:14.689589
14,3,worker,2,[],6,2,2023-04-19 13:41:20.566719
15,3,worker,2,"[{""changed"": {""fields"": [""Superuser status""]}}]",6,2,2023-04-19 13:49:30.987658
16,2,jaime,2,"[{""changed"": {""fields"": [""Groups""]}}]",6,2,2023-04-19 13:50:35.125990
17,3,worker,3,"",6,2,2023-04-19 13:50:41.763340
18,2,jaime,2,"[{""changed"": {""fields"": [""Groups""]}}]",6,2,2023-04-19 13:53:52.397711
19,4,worker,2,"[{""changed"": {""fields"": [""Groups""]}}]",6,2,2023-04-19 13:54:52.328157
20,54c28be8-2c5f-4bb2-bc90-d10426189066,worker (54c28be8-2c5f-4bb2-bc90-d10426189066),3,"",11,4,2023-04-21 18:23:59.263047
21,44ab0c4a-eca6-470d-b031-4b621841af8c,worker (44ab0c4a-eca6-470d-b031-4b621841af8c),3,"",11,4,2023-04-21 18:23:59.265805
22,e5a6b52a-8b55-4158-b448-38ca0a196ccb,jaime (e5a6b52a-8b55-4158-b448-38ca0a196ccb),3,"",11,4,2023-04-21 18:23:59.267859
23,cab76b26-f8e9-4bb7-90fd-9e2a0de67cd9,jaime (cab76b26-f8e9-4bb7-90fd-9e2a0de67cd9),3,"",11,4,2023-04-21 18:23:59.269993
24,5dac0709-8cde-438b-8e09-0829cbed3d7e,Ducati,3,"",7,1,2023-04-24 09:14:49.011926
25,2aa5114a-3ef9-43a6-8cd6-29268e22774a,Kawasaki ZX-10R,1,"[{""added"": {}}]",7,1,2023-04-24 09:15:55.337272
26,2aa5114a-3ef9-43a6-8cd6-29268e22774a,Kawasaki ZX-10R,2,[],7,1,2023-04-24 09:18:34.322233
27,bcf65f45-1079-45aa-bb3d-e4855d87185e,Honda CBR1000RR Fireblade,1,"[{""added"": {}}]",7,1,2023-04-24 09:19:08.746409
28,d513bc78-9e59-4853-bd0a-d2655736ffd8,Yamaha V-Star 250,1,"[{""added"": {}}]",7,1,2023-04-24 09:20:36.665105
29,9046e009-c69d-40e7-8cb7-a1090e473a81,Harley-Davidson Low Rider S,1,"[{""added"": {}}]",7,1,2023-04-24 09:21:34.428455
30,0ef316ff-c537-4c25-9b07-d039ae6a096c,Suzuki Burgman 400,1,"[{""added"": {}}]",7,1,2023-04-24 11:03:24.997131
31,842909ee-3b19-4ec0-b00d-a1f27b747379,Piaggio MP3 Exclusive 530,1,"[{""added"": {}}]",7,1,2023-04-24 11:04:00.672350
32,0455e191-0316-462f-9307-1597378e4afc,Yamaha YZ450F,1,"[{""added"": {}}]",7,1,2023-04-24 11:05:06.649588
33,2cc182e4-7184-44af-8691-59a900757023,KTM 450SX-F,1,"[{""added"": {}}]",7,1,2023-04-24 11:06:12.193097
34,8bd2d0d8-dad1-4dd8-b610-92e896c4d94e,Vespa Elettrica,1,"[{""added"": {}}]",7,1,2023-04-24 11:06:40.735173
35,d609f8e1-36a2-4adb-8ef5-4c3ddd1e44ec,Damon Hypersport Premier,1,"[{""added"": {}}]",7,1,2023-04-24 11:07:33.518104
