id,timestamp,latitude,longitude,altitude,speed,track,climb,time,error_horizontal,error_vertical,bike_id
1,"2023-06-09 12:42:44.612035",52.220224333,21.011887,158.2,0.209,0,-0.1,"2023-06-09 12:42:44",0.0,23.0,8d302af2afc44fc8b6cac4a0619c1273
2,"2023-06-09 12:42:44.600497",52.220224333,21.011887,158.2,0.209,0,-0.1,"2023-06-09 12:42:44",0.0,23.0,8d302af2afc44fc8b6cac4a0619c1273
3,"2023-06-09 12:43:15.707890",52.220232,21.011767167,159.0,0.487,0,0.4,"2023-06-09 12:43:15",43.105,172.04,8d302af2afc44fc8b6cac4a0619c1273
4,"2023-06-09 12:43:16.483756",52.2202315,21.011764,159.2,0.368,0,0.2,"2023-06-09 12:43:16",0.0,172.27,8d302af2afc44fc8b6cac4a0619c1273
5,"2023-06-09 12:43:46.918155",52.220249167,21.011683667,152.9,0.224,0,-0.5,"2023-06-09 12:43:46",42.854,176.18,8d302af2afc44fc8b6cac4a0619c1273
6,"2023-06-09 12:43:47.001754",52.220249167,21.011683667,152.9,0.224,0,-0.5,"2023-06-09 12:43:46",42.854,176.18,8d302af2afc44fc8b6cac4a0619c1273
7,"2023-06-09 12:44:18.070537",52.220346167,21.011521333,124.9,0.471,0,-0.6,"2023-06-09 12:44:17",43.548,180.78,8d302af2afc44fc8b6cac4a0619c1273
8,"2023-06-09 12:44:18.072085",52.220346167,21.011521333,124.9,0.471,0,-0.6,"2023-06-09 12:44:17",43.548,180.78,8d302af2afc44fc8b6cac4a0619c1273
9,"2023-06-09 12:45:20.489363",52.220236333,21.011697667,160.8,0.005,0,-0.2,"2023-06-09 12:45:20",0.0,190.67,8d302af2afc44fc8b6cac4a0619c1273
10,"2023-06-09 12:45:20.487953",52.220236333,21.011697667,160.8,0.005,0,-0.2,"2023-06-09 12:45:20",0.0,190.67,8d302af2afc44fc8b6cac4a0619c1273
11,"2023-06-09 12:45:51.551366",52.220265167,21.011637833,153.4,0.263,0,-0.4,"2023-06-09 12:45:51",0.0,195.96,8d302af2afc44fc8b6cac4a0619c1273
12,"2023-06-09 12:45:51.617646",52.220265167,21.011637833,153.4,0.263,0,-0.4,"2023-06-09 12:45:51",44.187,195.96,8d302af2afc44fc8b6cac4a0619c1273
13,"2023-06-09 12:46:22.847802",52.220304167,21.011587167,139.7,0.144,0,0.0,"2023-06-09 12:46:22",45.232,201.48,8d302af2afc44fc8b6cac4a0619c1273
14,"2023-06-09 12:46:22.847802",52.220304167,21.011587167,139.7,0.144,0,0.0,"2023-06-09 12:46:22",45.232,201.48,8d302af2afc44fc8b6cac4a0619c1273
15,"2023-06-09 12:46:53.908154",52.2202945,21.011606333,145.9,0.384,0,0.1,"2023-06-09 12:46:53",0.0,23.0,8d302af2afc44fc8b6cac4a0619c1273
16,"2023-06-09 12:46:53.971833",52.2202945,21.011606333,145.9,0.384,0,0.1,"2023-06-09 12:46:53",0.0,23.0,8d302af2afc44fc8b6cac4a0619c1273
17,"2023-06-09 12:47:25.816669",52.220309,21.011454,151.0,1.605,309,-0.7,"2023-06-09 12:47:24",46.387,213.67,8d302af2afc44fc8b6cac4a0619c1273
18,"2023-06-09 12:47:25.815733",52.220309,21.011454,151.0,1.605,309,-0.7,"2023-06-09 12:47:24",46.387,213.67,8d302af2afc44fc8b6cac4a0619c1273
19,"2023-06-09 12:47:57.117773",52.220715,21.011040833,145.4,1.508,325,-0.2,"2023-06-09 12:47:56",46.387,220.57,8d302af2afc44fc8b6cac4a0619c1273
20,"2023-06-09 12:47:57.201561",52.2207275,21.011020667,0.0,1.671,321,0.0,"2023-06-09 12:47:57",0.0,0.0,8d302af2afc44fc8b6cac4a0619c1273
21,"2023-06-09 12:48:59.108126",52.2212845,21.010153667,153.9,1.857,295,-0.1,"2023-06-09 12:48:58",31.626,90.85,8d302af2afc44fc8b6cac4a0619c1273
22,"2023-06-09 12:48:59.227679",52.221288333,21.010129167,0.0,1.698,288,0.0,"2023-06-09 12:48:59",0.0,0.0,8d302af2afc44fc8b6cac4a0619c1273
23,"2023-06-09 12:49:30.428333",52.221592,21.009548167,151.8,1.498,301,0.0,"2023-06-09 12:49:30",0.0,243.8,8d302af2afc44fc8b6cac4a0619c1273
24,"2023-06-09 12:49:30.427282",52.221592,21.009548167,151.8,1.498,301,0.0,"2023-06-09 12:49:30",0.0,243.8,8d302af2afc44fc8b6cac4a0619c1273
25,"2023-06-09 12:50:01.453113",52.221939667,21.008978667,150.1,1.827,304,0.0,"2023-06-09 12:50:01",0.0,90.62,8d302af2afc44fc8b6cac4a0619c1273
26,"2023-06-09 12:50:01.577653",52.221939667,21.008978667,150.1,1.827,304,0.0,"2023-06-09 12:50:01",0.0,90.62,8d302af2afc44fc8b6cac4a0619c1273
27,"2023-06-09 12:51:06.290407",52.223007167,21.009412667,0.0,1.306,63,0.0,"2023-06-09 12:51:06",0.0,0.0,8d302af2afc44fc8b6cac4a0619c1273
28,"2023-06-09 12:51:06.378075",52.223007167,21.009412667,169.2,1.306,63,0.9,"2023-06-09 12:51:06",0.0,44.39,8d302af2afc44fc8b6cac4a0619c1273
29,"2023-06-09 12:51:38.350186",52.2228855,21.010096,163.9,1.445,91,0.5,"2023-06-09 12:51:38",0.0,52.44,8d302af2afc44fc8b6cac4a0619c1273
30,"2023-06-09 12:51:38.352336",52.2228855,21.010096,163.9,1.445,91,0.5,"2023-06-09 12:51:38",0.0,52.44,8d302af2afc44fc8b6cac4a0619c1273
31,"2023-06-09 12:52:09.432519",52.222683333,21.0109315,145.0,1.461,104,-0.3,"2023-06-09 12:52:09",0.0,43.24,8d302af2afc44fc8b6cac4a0619c1273
32,"2023-06-09 12:52:09.534266",52.222683333,21.0109315,145.0,1.461,104,-0.3,"2023-06-09 12:52:09",0.0,43.24,8d302af2afc44fc8b6cac4a0619c1273
33,"2023-06-09 12:52:43.867822",52.222781833,21.011626667,151.6,1.666,53,-0.1,"2023-06-09 12:52:43",15.049,43.47,8d302af2afc44fc8b6cac4a0619c1273
34,"2023-06-09 12:53:11.963115",52.2228695,21.012313667,149.0,0.091,0,-0.2,"2023-06-09 12:53:11",15.453,45.31,8d302af2afc44fc8b6cac4a0619c1273
35,"2023-06-09 12:53:14.161255",52.222859833,21.0123355,148.2,1.053,64,-0.3,"2023-06-09 12:53:13",19.941,49.68,8d302af2afc44fc8b6cac4a0619c1273
36,"2023-06-09 12:53:43.407465",52.222277167,21.012701667,157.8,0.617,0,0.4,"2023-06-09 12:53:43",0.0,67.39,8d302af2afc44fc8b6cac4a0619c1273
37,"2023-06-09 12:53:44.981140",52.222262667,21.012703667,158.2,0.755,0,0.4,"2023-06-09 12:53:44",20.64,75.67,8d302af2afc44fc8b6cac4a0619c1273
38,"2023-06-09 12:54:14.177104",52.221682833,21.012679,165.4,0.925,181,-0.8,"2023-06-09 12:54:13",19.387,49.68,8d302af2afc44fc8b6cac4a0619c1273
39,"2023-06-09 12:54:15.362623",52.221674667,21.012641833,164.8,0.717,0,-0.2,"2023-06-09 12:54:15",0.0,67.39,8d302af2afc44fc8b6cac4a0619c1273
40,"2023-06-09 12:54:44.667858",52.221205,21.012498833,155.5,0.6,0,0.0,"2023-06-09 12:54:44",19.366,49.68,8d302af2afc44fc8b6cac4a0619c1273
41,"2023-06-09 12:54:45.720870",52.221196,21.012495333,155.4,0.541,0,-0.1,"2023-06-09 12:54:45",19.366,49.68,8d302af2afc44fc8b6cac4a0619c1273
42,"2023-06-09 12:55:16.017918",52.22074,21.012438,152.0,1.416,177,0.2,"2023-06-09 12:55:15",19.287,49.68,8d302af2afc44fc8b6cac4a0619c1273
43,"2023-06-09 12:55:16.091512",52.22074,21.012438,152.0,1.416,177,0.2,"2023-06-09 12:55:15",19.287,49.68,8d302af2afc44fc8b6cac4a0619c1273
44,"2023-06-09 12:55:47.707749",52.220425667,21.0124015,144.9,1.698,125,-1.2,"2023-06-09 12:55:47",0.0,71.99,8d302af2afc44fc8b6cac4a0619c1273
45,"2023-06-09 12:55:49.057704",52.220408667,21.012404167,147.4,1.712,138,2.5,"2023-06-09 12:55:48",67.266,110.63,8d302af2afc44fc8b6cac4a0619c1273
46,"2023-06-09 12:56:18.967892",52.220040167,21.012674333,140.0,1.639,96,-0.5,"2023-06-09 12:56:18",21.058,69.69,8d302af2afc44fc8b6cac4a0619c1273
47,"2023-06-09 12:56:19.397925",52.220029833,21.0127005,139.2,1.646,98,-0.8,"2023-06-09 12:56:19",0.0,69.69,8d302af2afc44fc8b6cac4a0619c1273
48,"2023-06-09 12:56:50.647775",52.220056833,21.012842333,137.1,0.89,0,-0.6,"2023-06-09 12:56:50",0.0,23.0,8d302af2afc44fc8b6cac4a0619c1273
49,"2023-06-09 12:56:50.650223",52.220056833,21.012842333,137.1,0.89,0,-0.6,"2023-06-09 12:56:50",0.0,23.0,8d302af2afc44fc8b6cac4a0619c1273
50,"2023-06-09 13:09:56.937976",52.220004667,21.012946833,136.1,0.326,0,0.8,"2023-06-09 13:09:56",20.881,52.21,8d302af2afc44fc8b6cac4a0619c1273
51,"2023-06-09 13:10:26.042802",52.220126167,21.013409833,141.9,1.314,102,0.6,"2023-06-09 13:10:25",14.293,48.76,8d302af2afc44fc8b6cac4a0619c1273
52,"2023-06-09 13:10:27.328662",52.220133333,21.013454,142.4,1.313,98,0.1,"2023-06-09 13:10:27",0.0,0.0,8d302af2afc44fc8b6cac4a0619c1273
53,"2023-06-09 13:10:57.818391",52.220215,21.014222333,140.9,1.449,89,0.4,"2023-06-09 13:10:57",14.322,48.76,8d302af2afc44fc8b6cac4a0619c1273
54,"2023-06-09 13:10:57.925183",52.220215,21.014222333,140.9,1.449,89,0.4,"2023-06-09 13:10:57",14.322,48.76,8d302af2afc44fc8b6cac4a0619c1273
55,"2023-06-09 13:11:30.348295",52.220001667,21.015150667,127.5,2.631,132,-1.1,"2023-06-09 13:11:30",0.0,0.0,8d302af2afc44fc8b6cac4a0619c1273
56,"2023-06-09 13:11:30.388220",52.220001667,21.015150667,127.5,2.631,132,-1.1,"2023-06-09 13:11:30",0.0,48.76,8d302af2afc44fc8b6cac4a0619c1273
57,"2023-06-09 13:12:03.941275",52.219722,21.015718833,117.0,1.867,179,-0.1,"2023-06-09 13:12:02",14.469,63.71,8d302af2afc44fc8b6cac4a0619c1273
58,"2023-06-09 13:12:03.943390",52.219722,21.015718833,117.0,1.867,179,-0.1,"2023-06-09 13:12:02",14.469,63.71,8d302af2afc44fc8b6cac4a0619c1273
59,"2023-06-09 13:12:36.069200",52.219241833,21.015693333,116.3,1.892,192,0.3,"2023-06-09 13:12:35",14.262,63.71,8d302af2afc44fc8b6cac4a0619c1273
60,"2023-06-09 13:12:36.070858",52.219241833,21.015693333,116.3,1.892,192,0.3,"2023-06-09 13:12:35",14.262,63.71,8d302af2afc44fc8b6cac4a0619c1273
61,"2023-06-09 13:13:09.015278",52.218763167,21.015446833,0.0,1.577,195,0.0,"2023-06-09 13:13:08",0.0,0.0,8d302af2afc44fc8b6cac4a0619c1273
62,"2023-06-09 13:13:09.647241",52.218752167,21.015435,152.7,1.505,195,3.1,"2023-06-09 13:13:09",14.315,63.48,8d302af2afc44fc8b6cac4a0619c1273
63,"2023-06-09 13:13:40.212699",52.218317833,21.0154245,0.0,1.387,166,0.0,"2023-06-09 13:13:40",0.0,0.0,8d302af2afc44fc8b6cac4a0619c1273
64,"2023-06-09 13:13:41.335671",52.218317833,21.0154245,170.5,1.387,166,0.4,"2023-06-09 13:13:40",15.342,48.76,8d302af2afc44fc8b6cac4a0619c1273
65,"2023-06-09 13:14:11.612742",52.217916167,21.015307333,204.7,0.484,0,1.3,"2023-06-09 13:14:11",0.0,63.02,8d302af2afc44fc8b6cac4a0619c1273
66,"2023-06-09 13:14:11.682978",52.217916167,21.015307333,204.7,0.484,0,1.3,"2023-06-09 13:14:11",14.315,63.02,8d302af2afc44fc8b6cac4a0619c1273
67,"2023-06-09 13:14:42.829458",52.217461833,21.015383333,150.0,0.041,0,-0.7,"2023-06-09 13:14:42",13.685,55.89,8d302af2afc44fc8b6cac4a0619c1273
68,"2023-06-09 13:14:42.903175",52.217461833,21.015383333,150.0,0.041,0,-0.7,"2023-06-09 13:14:42",13.685,55.89,8d302af2afc44fc8b6cac4a0619c1273
69,"2023-06-09 13:15:46.736788",52.217049833,21.016010667,131.1,1.58,92,-0.5,"2023-06-09 13:15:45",14.137,54.74,8d302af2afc44fc8b6cac4a0619c1273
70,"2023-06-09 13:15:46.740569",52.217049833,21.016010667,131.1,1.58,92,-0.5,"2023-06-09 13:15:45",14.137,54.74,8d302af2afc44fc8b6cac4a0619c1273
71,"2023-06-09 13:16:18.013549",52.216842333,21.0165915,126.7,1.573,171,-0.4,"2023-06-09 13:16:17",13.763,42.55,8d302af2afc44fc8b6cac4a0619c1273
72,"2023-06-09 13:16:18.113394",52.216842333,21.0165915,126.7,1.573,171,-0.4,"2023-06-09 13:16:17",13.763,42.55,8d302af2afc44fc8b6cac4a0619c1273
73,"2023-06-09 13:16:49.647265",52.216476,21.0170495,131.0,1.457,148,0.3,"2023-06-09 13:16:49",0.0,42.55,8d302af2afc44fc8b6cac4a0619c1273
74,"2023-06-09 13:16:49.722865",52.216476,21.0170495,131.0,1.457,148,0.3,"2023-06-09 13:16:49",13.726,42.55,8d302af2afc44fc8b6cac4a0619c1273
75,"2023-06-09 13:17:21.532667",52.216119833,21.017638333,130.7,1.695,134,-0.8,"2023-06-09 13:17:21",0.0,48.07,8d302af2afc44fc8b6cac4a0619c1273
76,"2023-06-09 13:17:21.878612",52.216119833,21.017638333,130.7,1.695,134,-0.8,"2023-06-09 13:17:21",13.533,48.07,8d302af2afc44fc8b6cac4a0619c1273
77,"2023-06-09 13:17:52.722267",52.2158365,21.0182075,128.5,1.245,125,0.2,"2023-06-09 13:17:52",13.56,48.07,8d302af2afc44fc8b6cac4a0619c1273
78,"2023-06-09 13:17:52.822193",52.2158365,21.0182075,128.5,1.245,125,0.2,"2023-06-09 13:17:52",13.56,48.07,8d302af2afc44fc8b6cac4a0619c1273
79,"2023-06-09 13:18:24.293327",52.215500667,21.018753,0.0,0.941,120,0.0,"2023-06-09 13:18:24",0.0,0.0,8d302af2afc44fc8b6cac4a0619c1273
80,"2023-06-09 13:18:24.295476",52.215500667,21.018753,0.0,0.941,120,0.0,"2023-06-09 13:18:24",0.0,0.0,8d302af2afc44fc8b6cac4a0619c1273
81,"2023-06-09 13:19:27.138898",52.214939667,21.019774,130.9,1.528,128,0.7,"2023-06-09 13:19:26",13.388,41.63,8d302af2afc44fc8b6cac4a0619c1273
82,"2023-06-09 13:19:27.202955",52.2149285,21.0197895,0.0,1.399,128,0.0,"2023-06-09 13:19:27",0.0,0.0,8d302af2afc44fc8b6cac4a0619c1273
83,"2023-06-09 13:19:58.539573",52.2145335,21.020288667,139.2,1.216,135,0.2,"2023-06-09 13:19:58",0.0,41.63,8d302af2afc44fc8b6cac4a0619c1273
84,"2023-06-09 13:19:58.541360",52.2145335,21.020288667,139.2,1.216,135,0.2,"2023-06-09 13:19:58",0.0,41.63,8d302af2afc44fc8b6cac4a0619c1273
85,"2023-06-09 13:21:02.884541",52.213971167,21.0211645,121.1,1.183,58,0.6,"2023-06-09 13:21:02",13.387,41.17,8d302af2afc44fc8b6cac4a0619c1273
86,"2023-06-09 13:21:02.916077",52.213971167,21.0211645,121.1,1.183,58,0.6,"2023-06-09 13:21:02",13.387,41.17,8d302af2afc44fc8b6cac4a0619c1273
87,"2023-06-09 13:21:33.890960",52.213904167,21.0217005,130.7,1.757,168,0.6,"2023-06-09 13:21:33",13.81,47.84,8d302af2afc44fc8b6cac4a0619c1273
88,"2023-06-09 13:21:33.977938",52.213904167,21.0217005,130.7,1.757,168,0.6,"2023-06-09 13:21:33",13.81,47.84,8d302af2afc44fc8b6cac4a0619c1273
89,"2023-06-09 13:22:05.199298",52.213598667,21.021957333,0.0,0.882,0,0.0,"2023-06-09 13:22:05",0.0,0.0,8d302af2afc44fc8b6cac4a0619c1273
90,"2023-06-09 13:22:05.263129",52.213598667,21.021957333,0.0,0.882,0,0.0,"2023-06-09 13:22:05",0.0,0.0,8d302af2afc44fc8b6cac4a0619c1273
91,"2023-06-09 13:22:37.669190",52.213670667,21.0230975,142.7,1.085,91,1.1,"2023-06-09 13:22:37",13.246,40.71,8d302af2afc44fc8b6cac4a0619c1273
92,"2023-06-09 13:22:37.670230",52.213670667,21.0230975,142.7,1.085,91,1.1,"2023-06-09 13:22:37",13.246,40.71,8d302af2afc44fc8b6cac4a0619c1273
93,"2023-06-09 13:23:09.122843",52.213564,21.0237515,143.0,0.906,103,0.7,"2023-06-09 13:23:08",13.263,40.48,8d302af2afc44fc8b6cac4a0619c1273
94,"2023-06-09 13:23:09.234774",52.213566667,21.023763833,0.0,0.742,99,0.0,"2023-06-09 13:23:09",0.0,0.0,8d302af2afc44fc8b6cac4a0619c1273
95,"2023-06-09 13:23:41.009373",52.213540667,21.024411,131.1,1.007,0,-0.1,"2023-06-09 13:23:40",22.171,54.51,8d302af2afc44fc8b6cac4a0619c1273
96,"2023-06-09 13:23:41.010786",52.213540667,21.024411,131.1,1.007,0,-0.1,"2023-06-09 13:23:40",22.171,54.51,8d302af2afc44fc8b6cac4a0619c1273
97,"2023-06-09 13:24:12.328994",52.213602667,21.025255667,122.5,1.256,115,-0.1,"2023-06-09 13:24:12",0.0,0.0,8d302af2afc44fc8b6cac4a0619c1273
98,"2023-06-09 13:24:12.407020",52.213602667,21.025255667,122.5,1.256,115,-0.1,"2023-06-09 13:24:12",0.0,40.02,8d302af2afc44fc8b6cac4a0619c1273
99,"2023-06-09 13:24:44.019634",52.213651833,21.026068833,125.5,1.418,179,-0.3,"2023-06-09 13:24:43",13.018,39.79,8d302af2afc44fc8b6cac4a0619c1273
100,"2023-06-09 13:24:44.021169",52.213651833,21.026068833,125.5,1.418,179,-0.3,"2023-06-09 13:24:43",13.018,39.79,8d302af2afc44fc8b6cac4a0619c1273
101,"2023-06-09 13:25:15.462420",52.213275167,21.026337,123.3,1.301,162,-0.2,"2023-06-09 13:25:15",0.0,39.56,8d302af2afc44fc8b6cac4a0619c1273
102,"2023-06-09 13:25:15.532486",52.213275167,21.026337,123.3,1.301,162,-0.2,"2023-06-09 13:25:15",0.0,39.56,8d302af2afc44fc8b6cac4a0619c1273
103,"2023-06-09 13:25:46.850852",52.212845333,21.0264925,120.0,1.479,178,0.6,"2023-06-09 13:25:46",12.867,39.56,8d302af2afc44fc8b6cac4a0619c1273
104,"2023-06-09 13:25:46.908968",52.212845333,21.0264925,120.0,1.479,178,0.6,"2023-06-09 13:25:46",12.867,39.56,8d302af2afc44fc8b6cac4a0619c1273
105,"2023-06-09 13:26:49.303022",52.211926,21.026621667,107.0,0.665,0,1.3,"2023-06-09 13:26:49",0.0,0.0,8d302af2afc44fc8b6cac4a0619c1273
106,"2023-06-09 13:26:49.372856",52.211926,21.026621667,107.0,0.665,0,1.3,"2023-06-09 13:26:49",0.0,45.77,8d302af2afc44fc8b6cac4a0619c1273
107,"2023-06-09 13:27:20.498958",52.211571167,21.0269015,109.8,1.684,141,0.8,"2023-06-09 13:27:20",0.0,46.46,8d302af2afc44fc8b6cac4a0619c1273
108,"2023-06-09 13:27:20.578906",52.211571167,21.0269015,109.8,1.684,141,0.8,"2023-06-09 13:27:20",0.0,46.46,8d302af2afc44fc8b6cac4a0619c1273
109,"2023-06-09 13:27:51.788881",52.211157833,21.027246,110.4,1.066,144,0.0,"2023-06-09 13:27:51",12.611,38.64,8d302af2afc44fc8b6cac4a0619c1273
110,"2023-06-09 13:27:51.789908",52.211157833,21.027246,110.4,1.066,144,0.0,"2023-06-09 13:27:51",12.611,38.64,8d302af2afc44fc8b6cac4a0619c1273
111,"2023-06-09 13:28:23.197770",52.2107665,21.0275875,107.4,1.324,140,-0.1,"2023-06-09 13:28:22",12.606,38.41,8d302af2afc44fc8b6cac4a0619c1273
112,"2023-06-09 13:28:23.263274",52.210751667,21.027601833,0.0,1.262,139,0.0,"2023-06-09 13:28:23",0.0,0.0,8d302af2afc44fc8b6cac4a0619c1273
113,"2023-06-09 13:29:25.728588",52.2100905,21.028305667,136.5,0.935,136,-0.3,"2023-06-09 13:29:25",12.486,37.95,8d302af2afc44fc8b6cac4a0619c1273
114,"2023-06-09 13:29:25.730469",52.2100905,21.028305667,136.5,0.935,136,-0.3,"2023-06-09 13:29:25",12.486,37.95,8d302af2afc44fc8b6cac4a0619c1273
115,"2023-06-09 13:29:57.437139",52.2096315,21.0286505,119.4,1.315,148,-0.7,"2023-06-09 13:29:56",12.996,45.54,8d302af2afc44fc8b6cac4a0619c1273
116,"2023-06-09 13:29:57.519106",52.209615333,21.028660167,118.7,1.204,150,-0.7,"2023-06-09 13:29:57",0.0,45.54,8d302af2afc44fc8b6cac4a0619c1273
117,"2023-06-09 13:30:30.297728",52.209019,21.0286955,99.8,1.371,209,-0.1,"2023-06-09 13:30:29",12.424,37.49,8d302af2afc44fc8b6cac4a0619c1273
118,"2023-06-09 13:30:30.299446",52.209019,21.0286955,99.8,1.371,209,-0.1,"2023-06-09 13:30:29",12.424,37.49,8d302af2afc44fc8b6cac4a0619c1273
119,"2023-06-09 13:31:01.709508",52.208928833,21.0286755,105.6,0.047,0,-0.7,"2023-06-09 13:31:01",12.471,37.26,8d302af2afc44fc8b6cac4a0619c1273
120,"2023-06-09 13:31:01.711725",52.208928833,21.0286755,105.6,0.047,0,-0.7,"2023-06-09 13:31:01",12.471,37.26,8d302af2afc44fc8b6cac4a0619c1273
121,"2023-06-09 13:31:33.317638",52.208930833,21.028692667,108.9,0.202,0,-0.7,"2023-06-09 13:31:32",12.255,37.03,8d302af2afc44fc8b6cac4a0619c1273
122,"2023-06-09 13:31:33.383570",52.2089215,21.028684667,106.1,0.164,0,-2.8,"2023-06-09 13:31:33",0.0,71.53,8d302af2afc44fc8b6cac4a0619c1273
123,"2023-06-09 13:32:36.120744",52.208839333,21.028713333,152.4,0.578,0,1.1,"2023-06-09 13:32:35",13.039,48.07,8d302af2afc44fc8b6cac4a0619c1273
124,"2023-06-09 13:32:36.119412",52.208839333,21.028713333,152.4,0.578,0,1.1,"2023-06-09 13:32:35",13.039,48.07,8d302af2afc44fc8b6cac4a0619c1273
125,"2023-06-09 13:33:07.270756",52.208797667,21.028580667,0.0,0.879,0,0.0,"2023-06-09 13:33:07",0.0,0.0,8d302af2afc44fc8b6cac4a0619c1273
126,"2023-06-09 13:33:07.344307",52.208797667,21.028580667,141.8,0.879,0,0.1,"2023-06-09 13:33:07",0.0,117.99,8d302af2afc44fc8b6cac4a0619c1273
127,"2023-06-09 13:33:39.742386",52.208817833,21.0287805,142.1,0.124,0,0.3,"2023-06-09 13:33:39",12.772,44.39,8d302af2afc44fc8b6cac4a0619c1273
128,"2023-06-09 13:33:39.766386",52.208817833,21.0287805,142.1,0.124,0,0.3,"2023-06-09 13:33:39",12.772,44.39,8d302af2afc44fc8b6cac4a0619c1273
129,"2023-06-09 13:34:11.030062",52.208854167,21.028636833,143.8,0.656,0,0.0,"2023-06-09 13:34:10",27.298,247.94,8d302af2afc44fc8b6cac4a0619c1273
130,"2023-06-09 13:34:11.083816",52.208854167,21.028636833,143.8,0.656,0,0.0,"2023-06-09 13:34:10",27.298,247.94,8d302af2afc44fc8b6cac4a0619c1273
131,"2023-06-09 13:34:42.299657",52.208709167,21.028571833,152.4,0.16,0,0.0,"2023-06-09 13:34:42",0.0,0.0,8d302af2afc44fc8b6cac4a0619c1273
132,"2023-06-09 13:34:42.300344",52.208709167,21.028571833,152.4,0.16,0,0.0,"2023-06-09 13:34:42",0.0,0.0,8d302af2afc44fc8b6cac4a0619c1273
133,"2023-06-09 13:35:45.220437",52.208658333,21.028448,0.0,0.838,0,0.0,"2023-06-09 13:35:45",0.0,0.0,8d302af2afc44fc8b6cac4a0619c1273
134,"2023-06-09 13:35:45.283996",52.208658333,21.028448,76.4,0.838,0,0.1,"2023-06-09 13:35:45",0.0,0.0,8d302af2afc44fc8b6cac4a0619c1273
135,"2023-06-09 13:36:16.539505",52.2087175,21.028520333,76.4,0.415,0,0.0,"2023-06-09 13:36:16",0.0,274.85,8d302af2afc44fc8b6cac4a0619c1273
136,"2023-06-09 13:36:16.619706",52.2087175,21.028520333,76.4,0.415,0,0.0,"2023-06-09 13:36:16",30.024,274.85,8d302af2afc44fc8b6cac4a0619c1273
137,"2023-06-09 13:37:50.880338",52.20836,21.028244,68.5,0.472,0,-0.5,"2023-06-09 13:37:50",35.538,107.64,8d302af2afc44fc8b6cac4a0619c1273
138,"2023-06-09 13:37:50.954154",52.20836,21.028244,68.5,0.472,0,-0.5,"2023-06-09 13:37:50",35.538,107.64,8d302af2afc44fc8b6cac4a0619c1273
139,"2023-06-09 13:38:22.750834",52.208534833,21.028445,74.2,3.7,345,-0.2,"2023-06-09 13:38:22",37.003,102.35,8d302af2afc44fc8b6cac4a0619c1273
140,"2023-06-09 13:38:22.752474",52.208534833,21.028445,74.2,3.7,345,-0.2,"2023-06-09 13:38:22",37.003,102.35,8d302af2afc44fc8b6cac4a0619c1273
141,"2023-06-09 13:40:58.450602",52.208710333,21.028509667,90.5,1.281,0,-0.7,"2023-06-09 13:40:58",0.0,289.57,8d302af2afc44fc8b6cac4a0619c1273
142,"2023-06-09 13:40:58.514280",52.208710333,21.028509667,90.5,1.281,0,-0.7,"2023-06-09 13:40:58",0.0,289.57,8d302af2afc44fc8b6cac4a0619c1273
143,"2023-06-09 13:42:01.176835",52.208842,21.028666833,119.6,0.054,0,-1.3,"2023-06-09 13:42:00",14.005,42.32,8d302af2afc44fc8b6cac4a0619c1273
144,"2023-06-09 13:42:01.176047",52.208842,21.028666833,119.6,0.054,0,-1.3,"2023-06-09 13:42:00",14.005,42.32,8d302af2afc44fc8b6cac4a0619c1273
145,"2023-06-09 13:42:32.752690",52.208902167,21.0288075,138.1,1.309,8,1.0,"2023-06-09 13:42:32",12.068,40.71,8d302af2afc44fc8b6cac4a0619c1273
146,"2023-06-09 13:42:32.751376",52.208902167,21.0288075,138.1,1.309,8,1.0,"2023-06-09 13:42:32",12.068,40.71,8d302af2afc44fc8b6cac4a0619c1273
147,"2023-06-09 13:43:05.979049",52.209304,21.028779167,144.2,1.405,338,-0.4,"2023-06-09 13:43:05",12.037,40.48,8d302af2afc44fc8b6cac4a0619c1273
148,"2023-06-09 13:43:05.978279",52.209304,21.028779167,144.2,1.405,338,-0.4,"2023-06-09 13:43:05",12.037,40.48,8d302af2afc44fc8b6cac4a0619c1273
149,"2023-06-09 13:43:39.578283",52.2097705,21.0284285,136.4,0.891,337,-0.1,"2023-06-09 13:43:37",12.032,40.25,8d302af2afc44fc8b6cac4a0619c1273
150,"2023-06-09 13:43:40.490786",52.209788,21.028389167,137.8,0.636,0,0.6,"2023-06-09 13:43:40",0.0,40.25,8d302af2afc44fc8b6cac4a0619c1273
151,"2023-06-09 13:44:11.078107",52.210219667,21.0281485,135.1,0.828,340,-0.5,"2023-06-09 13:44:10",12.007,40.02,8d302af2afc44fc8b6cac4a0619c1273
152,"2023-06-09 13:44:11.680437",52.210226833,21.028156667,133.7,1.114,15,-1.4,"2023-06-09 13:44:11",12.007,40.02,8d302af2afc44fc8b6cac4a0619c1273
153,"2023-06-09 13:44:42.592187",52.210621667,21.0277565,141.2,1.335,331,-0.1,"2023-06-09 13:44:42",0.0,39.79,8d302af2afc44fc8b6cac4a0619c1273
154,"2023-06-09 13:44:42.680104",52.210621667,21.0277565,141.2,1.335,331,-0.1,"2023-06-09 13:44:42",12.008,39.79,8d302af2afc44fc8b6cac4a0619c1273
155,"2023-06-09 13:45:13.543632",52.211036833,21.027396833,139.0,1.222,343,1.1,"2023-06-09 13:45:13",0.0,39.56,8d302af2afc44fc8b6cac4a0619c1273
156,"2023-06-09 13:45:13.638694",52.211036833,21.027396833,139.0,1.222,343,1.1,"2023-06-09 13:45:13",11.956,39.56,8d302af2afc44fc8b6cac4a0619c1273
157,"2023-06-09 13:45:45.060523",52.211438833,21.026936167,123.1,1.309,340,1.0,"2023-06-09 13:45:44",12.023,42.78,8d302af2afc44fc8b6cac4a0619c1273
158,"2023-06-09 13:45:45.061448",52.211438833,21.026936167,123.1,1.309,340,1.0,"2023-06-09 13:45:44",12.023,42.78,8d302af2afc44fc8b6cac4a0619c1273
159,"2023-06-09 13:46:47.420787",52.212360333,21.026782667,132.7,1.394,3,0.1,"2023-06-09 13:46:47",0.0,42.32,8d302af2afc44fc8b6cac4a0619c1273
160,"2023-06-09 13:46:47.520410",52.212360333,21.026782667,132.7,1.394,3,0.1,"2023-06-09 13:46:47",0.0,42.32,8d302af2afc44fc8b6cac4a0619c1273
161,"2023-06-09 13:47:19.261608",52.212873167,21.0265945,0.0,1.64,349,0.0,"2023-06-09 13:47:19",0.0,0.0,8d302af2afc44fc8b6cac4a0619c1273
162,"2023-06-09 13:47:19.260598",52.212873167,21.0265945,0.0,1.64,349,0.0,"2023-06-09 13:47:19",0.0,0.0,8d302af2afc44fc8b6cac4a0619c1273
163,"2023-06-09 13:47:51.405360",52.213295667,21.0264895,0.0,1.109,353,0.0,"2023-06-09 13:47:50",0.0,0.0,8d302af2afc44fc8b6cac4a0619c1273
164,"2023-06-09 13:47:51.490969",52.213311,21.0264825,134.7,1.236,1,-0.7,"2023-06-09 13:47:51",0.0,41.86,8d302af2afc44fc8b6cac4a0619c1273
165,"2023-06-09 13:48:55.641550",52.2137755,21.026848333,117.2,1.209,5,0.4,"2023-06-09 13:48:55",11.837,38.18,8d302af2afc44fc8b6cac4a0619c1273
166,"2023-06-09 13:48:55.651450",52.2137755,21.026848333,117.2,1.209,5,0.4,"2023-06-09 13:48:55",11.837,38.18,8d302af2afc44fc8b6cac4a0619c1273
167,"2023-06-09 13:49:26.803381",52.2142075,21.026801333,137.3,1.569,2,0.4,"2023-06-09 13:49:26",11.798,37.95,8d302af2afc44fc8b6cac4a0619c1273
168,"2023-06-09 13:49:26.831320",52.2142075,21.026801333,137.3,1.569,2,0.4,"2023-06-09 13:49:26",11.798,37.95,8d302af2afc44fc8b6cac4a0619c1273
169,"2023-06-09 13:49:57.908327",52.214567,21.026929833,120.9,1.037,51,-0.9,"2023-06-09 13:49:57",11.799,37.72,8d302af2afc44fc8b6cac4a0619c1273
170,"2023-06-09 13:49:57.975260",52.214567,21.026929833,120.9,1.037,51,-0.9,"2023-06-09 13:49:57",11.799,37.72,8d302af2afc44fc8b6cac4a0619c1273
171,"2023-06-09 13:50:29.353135",52.2149955,21.0270235,0.0,1.152,31,0.0,"2023-06-09 13:50:29",0.0,0.0,8d302af2afc44fc8b6cac4a0619c1273
172,"2023-06-09 13:50:29.352443",52.2149955,21.0270235,0.0,1.152,31,0.0,"2023-06-09 13:50:29",0.0,0.0,8d302af2afc44fc8b6cac4a0619c1273
173,"2023-06-09 13:51:00.781984",52.215335333,21.027078,115.5,0.999,63,0.1,"2023-06-09 13:51:00",11.747,37.26,8d302af2afc44fc8b6cac4a0619c1273
174,"2023-06-09 13:51:00.845509",52.215335333,21.027078,115.5,0.999,63,0.1,"2023-06-09 13:51:00",11.747,37.26,8d302af2afc44fc8b6cac4a0619c1273
175,"2023-06-09 13:51:32.082876",52.215554667,21.027353167,122.4,0.941,0,-0.6,"2023-06-09 13:51:31",11.719,37.03,8d302af2afc44fc8b6cac4a0619c1273
176,"2023-06-09 13:51:32.170750",52.215554667,21.027353167,122.4,0.941,0,-0.6,"2023-06-09 13:51:31",11.719,37.03,8d302af2afc44fc8b6cac4a0619c1273
177,"2023-06-09 13:52:03.369217",52.215628833,21.027686167,122.3,0.034,0,0.5,"2023-06-09 13:52:03",0.0,37.03,8d302af2afc44fc8b6cac4a0619c1273
178,"2023-06-09 13:52:03.371084",52.215628833,21.027686167,122.3,0.034,0,0.5,"2023-06-09 13:52:03",0.0,0.0,8d302af2afc44fc8b6cac4a0619c1273
179,"2023-06-09 13:52:34.669772",52.215583667,21.027765667,0.0,0.254,0,0.0,"2023-06-09 13:52:34",0.0,0.0,8d302af2afc44fc8b6cac4a0619c1273
180,"2023-06-09 13:52:34.668927",52.215583667,21.027765667,0.0,0.254,0,0.0,"2023-06-09 13:52:34",0.0,0.0,8d302af2afc44fc8b6cac4a0619c1273
181,"2023-06-09 13:53:06.000128",52.215591,21.027800333,116.0,0.057,0,-0.6,"2023-06-09 13:53:05",11.634,36.57,8d302af2afc44fc8b6cac4a0619c1273
182,"2023-06-09 13:53:05.999096",52.215591,21.027800333,116.0,0.057,0,-0.6,"2023-06-09 13:53:05",11.634,36.57,8d302af2afc44fc8b6cac4a0619c1273
183,"2023-06-09 13:53:36.447627",52.215621167,21.027837833,104.3,0.202,0,0.1,"2023-06-09 13:53:36",0.0,36.57,8d302af2afc44fc8b6cac4a0619c1273
184,"2023-06-09 13:53:36.532452",52.215621167,21.027837833,104.3,0.202,0,0.1,"2023-06-09 13:53:36",0.0,36.57,8d302af2afc44fc8b6cac4a0619c1273
185,"2023-06-09 13:54:06.787519",52.215562167,21.027798667,113.6,0.081,0,0.5,"2023-06-09 13:54:06",11.608,42.09,8d302af2afc44fc8b6cac4a0619c1273
186,"2023-06-09 13:54:06.857438",52.215562167,21.027798667,113.6,0.081,0,0.5,"2023-06-09 13:54:06",11.608,42.09,8d302af2afc44fc8b6cac4a0619c1273
187,"2023-06-09 13:54:37.216614",52.215558167,21.027822833,0.0,0.017,0,0.0,"2023-06-09 13:54:37",0.0,0.0,8d302af2afc44fc8b6cac4a0619c1273
188,"2023-06-09 13:54:37.218575",52.215558167,21.027822833,0.0,0.017,0,0.0,"2023-06-09 13:54:37",0.0,0.0,8d302af2afc44fc8b6cac4a0619c1273
189,"2023-06-09 13:55:07.830821",52.2156125,21.027839167,109.8,0.133,0,0.0,"2023-06-09 13:55:07",11.71,35.88,8d302af2afc44fc8b6cac4a0619c1273
190,"2023-06-09 13:55:07.894677",52.2156125,21.027839167,109.8,0.133,0,0.0,"2023-06-09 13:55:07",11.71,35.88,8d302af2afc44fc8b6cac4a0619c1273
191,"2023-06-09 13:55:39.176614",52.215615333,21.027866667,0.0,0.029,0,0.0,"2023-06-09 13:55:39",0.0,0.0,8d302af2afc44fc8b6cac4a0619c1273
192,"2023-06-09 13:55:39.178218",52.215615333,21.027866667,0.0,0.029,0,0.0,"2023-06-09 13:55:39",0.0,0.0,8d302af2afc44fc8b6cac4a0619c1273
193,"2023-06-09 13:56:41.224468",52.215610167,21.0278565,0.0,0.007,0,0.0,"2023-06-09 13:56:41",0.0,0.0,8d302af2afc44fc8b6cac4a0619c1273
194,"2023-06-09 13:56:41.226127",52.215610167,21.0278565,0.0,0.007,0,0.0,"2023-06-09 13:56:41",0.0,0.0,8d302af2afc44fc8b6cac4a0619c1273
195,"2023-06-09 14:01:39.748636",52.215659833,21.0278345,112.2,0.075,0,0.3,"2023-06-09 14:01:39",11.102,31.28,fff93b9aacb140a29c07cfbb1c292922
196,"2023-06-09 14:04:44.498455",52.215578,21.027757333,108.6,0.052,0,-0.4,"2023-06-09 14:04:44",0.0,30.59,fff93b9aacb140a29c07cfbb1c292922
197,"2023-06-09 14:05:14.990302",52.215625833,21.0277335,104.4,0.027,0,0.1,"2023-06-09 14:05:14",14.1,33.81,fff93b9aacb140a29c07cfbb1c292922
198,"2023-06-09 14:06:16.280074",52.215601333,21.027776333,0.0,0.024,0,0.0,"2023-06-09 14:06:16",0.0,0.0,fff93b9aacb140a29c07cfbb1c292922
199,"2023-06-09 14:06:47.544178",52.215605167,21.027748,109.0,0.033,0,0.3,"2023-06-09 14:06:47",0.0,27.37,fff93b9aacb140a29c07cfbb1c292922
200,"2023-06-09 14:07:48.550690",52.215601333,21.027756333,118.8,0.113,0,0.0,"2023-06-09 14:07:48",0.0,25.3,fff93b9aacb140a29c07cfbb1c292922
201,"2023-06-09 14:08:18.854621",52.215596833,21.027762167,116.6,0.087,0,-0.2,"2023-06-09 14:08:18",9.227,25.3,fff93b9aacb140a29c07cfbb1c292922
202,"2023-06-09 14:09:21.870486",52.215568,21.027818,124.2,0.246,0,0.4,"2023-06-09 14:09:21",9.239,25.3,fff93b9aacb140a29c07cfbb1c292922
203,"2023-06-09 14:09:53.384498",52.215606833,21.027837667,120.7,0.573,0,0.7,"2023-06-09 14:09:53",0.0,25.07,fff93b9aacb140a29c07cfbb1c292922
204,"2023-06-09 14:10:56.220349",52.215956167,21.027288167,0.0,0.398,0,0.0,"2023-06-09 14:10:56",0.0,0.0,fff93b9aacb140a29c07cfbb1c292922
205,"2023-06-09 14:11:27.764283",52.216228833,21.026789333,152.4,1.123,350,0.7,"2023-06-09 14:11:27",9.191,25.07,fff93b9aacb140a29c07cfbb1c292922
206,"2023-06-09 14:12:30.734677",52.217174333,21.0263305,144.9,1.277,355,-0.6,"2023-06-09 14:12:30",9.2,29.21,fff93b9aacb140a29c07cfbb1c292922
207,"2023-06-09 14:13:01.136378",52.217646167,21.026211667,129.5,1.788,349,0.0,"2023-06-09 14:13:00",11.136,28.98,fff93b9aacb140a29c07cfbb1c292922
208,"2023-06-09 14:14:03.125130",52.218497333,21.025963167,126.6,1.015,3,0.1,"2023-06-09 14:14:02",9.207,24.84,fff93b9aacb140a29c07cfbb1c292922
209,"2023-06-09 14:14:34.904855",52.218916167,21.0258885,130.4,1.311,340,-0.4,"2023-06-09 14:14:34",9.229,24.84,fff93b9aacb140a29c07cfbb1c292922
210,"2023-06-09 14:15:40.224860",52.219917167,21.025599667,0.0,0.916,315,0.0,"2023-06-09 14:15:40",0.0,0.0,fff93b9aacb140a29c07cfbb1c292922
211,"2023-06-09 14:16:11.576624",52.220056333,21.025491333,122.9,1.397,327,0.0,"2023-06-09 14:16:11",0.0,24.61,fff93b9aacb140a29c07cfbb1c292922
212,"2023-06-09 14:17:13.436761",52.220239333,21.0247975,124.3,0.719,0,0.0,"2023-06-09 14:17:13",0.0,38.41,fff93b9aacb140a29c07cfbb1c292922
213,"2023-06-09 14:17:44.956804",52.220244167,21.0240835,128.7,0.684,0,0.7,"2023-06-09 14:17:44",11.401,28.75,fff93b9aacb140a29c07cfbb1c292922
214,"2023-06-09 14:18:48.023175",52.219888333,21.023453,136.1,0.078,0,0.5,"2023-06-09 14:18:47",11.243,27.83,fff93b9aacb140a29c07cfbb1c292922
215,"2023-06-09 14:19:20.137361",52.2196755,21.023051667,147.2,1.07,0,-0.2,"2023-06-09 14:19:19",14.577,34.04,fff93b9aacb140a29c07cfbb1c292922
216,"2023-06-09 14:20:24.857516",52.21999,21.021854,175.9,0.821,0,0.0,"2023-06-09 14:20:24",9.198,25.99,fff93b9aacb140a29c07cfbb1c292922
217,"2023-06-09 14:20:56.773939",52.220014333,21.0210725,177.3,0.949,0,0.2,"2023-06-09 14:20:56",9.226,25.99,fff93b9aacb140a29c07cfbb1c292922
218,"2023-06-09 14:21:59.677638",52.2200785,21.019622333,176.8,1.106,0,-0.8,"2023-06-09 14:21:59",11.304,28.29,fff93b9aacb140a29c07cfbb1c292922
219,"2023-06-09 14:22:31.151235",52.220175667,21.018644,163.3,0.888,0,1.0,"2023-06-09 14:22:30",9.227,24.15,fff93b9aacb140a29c07cfbb1c292922
220,"2023-06-09 14:23:35.981875",52.22,21.018115667,234.0,0.644,0,1.6,"2023-06-09 14:23:35",9.236,23.92,fff93b9aacb140a29c07cfbb1c292922
221,"2023-06-09 14:24:07.421650",52.219986333,21.017290167,209.0,0.87,0,-1.7,"2023-06-09 14:24:07",0.0,26.91,fff93b9aacb140a29c07cfbb1c292922
222,"2023-06-09 14:24:54.022870",52.219816833,21.016369833,192.9,0.085,0,0.007,"2023-06-09 14:24:53",9.221,23.69,fff93b9aacb140a29c07cfbb1c292922
223,"2023-06-09 14:25:26.546608",52.219562333,21.015990167,186.6,0.836,0,0.3,"2023-06-09 14:25:26",0.0,23.69,fff93b9aacb140a29c07cfbb1c292922
224,"2023-06-09 14:25:58.817489",52.219674333,21.015346167,191.4,1.067,0,0.8,"2023-06-09 14:25:58",9.314,25.53,fff93b9aacb140a29c07cfbb1c292922
225,"2023-06-09 14:27:02.047038",52.219974,21.013799,199.1,1.251,0,-0.3,"2023-06-09 14:27:01",21.522,58.65,fff93b9aacb140a29c07cfbb1c292922
226,"2023-06-09 14:27:33.817345",52.220080667,21.012710167,148.5,1.102,244,-0.3,"2023-06-09 14:27:33",9.246,23.46,fff93b9aacb140a29c07cfbb1c292922
227,"2023-06-09 14:28:06.917225",52.220186833,21.011958333,149.4,1.209,273,0.9,"2023-06-09 14:28:06",9.598,23.46,fff93b9aacb140a29c07cfbb1c292922
228,"2023-06-09 14:28:38.150619",52.2201795,21.011340167,166.0,0.894,0,0.9,"2023-06-09 14:28:37",9.274,23.46,fff93b9aacb140a29c07cfbb1c292922
229,"2023-06-09 14:29:09.841277",52.220118667,21.010615833,166.4,1.177,270,-0.4,"2023-06-09 14:29:09",9.645,26.22,fff93b9aacb140a29c07cfbb1c292922
230,"2023-06-09 14:30:13.979460",52.220119833,21.009119667,150.8,1.291,223,0.0,"2023-06-09 14:30:13",12.24,28.06,fff93b9aacb140a29c07cfbb1c292922
231,"2023-06-09 14:30:45.722275",52.220273,21.008336833,158.1,1.119,0,-0.2,"2023-06-09 14:30:45",14.601,28.98,fff93b9aacb140a29c07cfbb1c292922
232,"2023-06-09 14:31:49.267071",52.220118167,21.006981,0.0,1.218,217,0.0,"2023-06-09 14:31:49",0.0,0.0,fff93b9aacb140a29c07cfbb1c292922
233,"2023-06-09 14:32:22.456486",52.220315333,21.006046833,158.4,1.252,269,0.0,"2023-06-09 14:32:22",0.0,27.6,fff93b9aacb140a29c07cfbb1c292922
234,"2023-06-09 14:33:25.835985",52.220041167,21.005180333,132.2,1.015,0,0.6,"2023-06-09 14:33:25",12.142,32.43,fff93b9aacb140a29c07cfbb1c292922
235,"2023-06-09 14:33:57.000080",52.2198075,21.0051595,155.3,0.656,0,0.8,"2023-06-09 14:33:56",32.108,32.89,fff93b9aacb140a29c07cfbb1c292922
236,"2023-06-09 14:34:30.531096",52.219488167,21.0053405,202.5,0.591,0,0.0,"2023-06-09 14:34:30",0.0,27.37,fff93b9aacb140a29c07cfbb1c292922
237,"2023-06-09 14:35:02.601088",52.2189915,21.004945833,227.5,0.897,0,-0.1,"2023-06-09 14:35:02",0.0,32.43,fff93b9aacb140a29c07cfbb1c292922
238,"2023-06-09 14:35:34.979800",52.218649833,21.004103333,187.5,0.846,0,-1.4,"2023-06-09 14:35:34",12.11,28.06,fff93b9aacb140a29c07cfbb1c292922
239,"2023-06-09 14:36:07.701703",52.218755333,21.003340333,154.7,0.277,0,-1.35,"2023-06-09 14:36:07",12.079,27.14,fff93b9aacb140a29c07cfbb1c292922
240,"2023-06-09 14:36:39.510398",52.218664333,21.002605,159.3,0.869,0,0.3,"2023-06-09 14:36:39",0.0,27.83,fff93b9aacb140a29c07cfbb1c292922
241,"2023-06-09 14:37:11.271472",52.2187735,21.001753667,0.0,0.79,0,0.0,"2023-06-09 14:37:11",0.0,0.0,fff93b9aacb140a29c07cfbb1c292922
242,"2023-06-09 14:38:16.675894",52.218778833,21.000119167,140.0,0.922,0,0.1,"2023-06-09 14:38:16",12.064,26.68,fff93b9aacb140a29c07cfbb1c292922
243,"2023-06-09 14:38:49.045165",52.218923,20.999353833,147.1,1.236,282,0.4,"2023-06-09 14:38:48",12.073,26.68,fff93b9aacb140a29c07cfbb1c292922
244,"2023-06-09 14:39:53.100433",52.219062833,20.997881833,151.6,0.895,0,-0.1,"2023-06-09 14:39:52",11.979,26.45,fff93b9aacb140a29c07cfbb1c292922
245,"2023-06-09 14:40:26.067176",52.219081167,20.997017333,147.2,0.949,0,0.6,"2023-06-09 14:40:24",11.985,26.45,fff93b9aacb140a29c07cfbb1c292922
246,"2023-06-09 14:41:29.661083",52.2190175,20.995476167,141.3,1.623,287,0.6,"2023-06-09 14:41:29",12.081,26.22,fff93b9aacb140a29c07cfbb1c292922
247,"2023-06-09 14:42:01.635186",52.2189095,20.994802333,137.4,1.343,182,-0.4,"2023-06-09 14:42:01",11.98,26.22,fff93b9aacb140a29c07cfbb1c292922
248,"2023-06-09 14:43:05.893802",52.218114167,20.994400167,129.0,1.169,235,0.2,"2023-06-09 14:43:05",11.996,25.99,fff93b9aacb140a29c07cfbb1c292922
249,"2023-06-09 14:43:38.551445",52.218065667,20.9939135,141.6,0.84,0,0.2,"2023-06-09 14:43:38",0.0,25.99,fff93b9aacb140a29c07cfbb1c292922
250,"2023-06-09 14:44:41.173778",52.217857667,20.9925465,136.6,1.077,0,0.1,"2023-06-09 14:44:40",11.95,25.76,fff93b9aacb140a29c07cfbb1c292922
251,"2023-06-09 14:45:14.101086",52.217787167,20.9918535,143.2,0.773,0,0.4,"2023-06-09 14:45:13",11.921,25.53,fff93b9aacb140a29c07cfbb1c292922
252,"2023-06-09 14:46:17.144964",52.218020833,20.990619,142.8,0.987,331,-0.4,"2023-06-09 14:46:16",11.899,25.53,fff93b9aacb140a29c07cfbb1c292922
253,"2023-06-09 14:46:49.149999",52.218056167,20.989995167,153.0,0.969,0,0.0,"2023-06-09 14:46:48",11.886,25.3,fff93b9aacb140a29c07cfbb1c292922
254,"2023-06-09 14:47:54.424140",52.218310667,20.988599333,165.7,1.05,0,0.2,"2023-06-09 14:47:54",0.0,28.52,fff93b9aacb140a29c07cfbb1c292922
255,"2023-06-09 14:48:26.244146",52.21811,20.988119,0.0,1.355,199,0.0,"2023-06-09 14:48:26",0.0,0.0,fff93b9aacb140a29c07cfbb1c292922
256,"2023-06-09 14:49:34.093872",52.217522167,20.987076833,148.9,0.859,0,-0.9,"2023-06-09 14:49:33",11.959,28.29,fff93b9aacb140a29c07cfbb1c292922
257,"2023-06-09 14:50:06.760736",52.217735833,20.986378833,141.5,0.845,0,0.1,"2023-06-09 14:50:06",23.447,38.41,fff93b9aacb140a29c07cfbb1c292922
258,"2023-06-09 14:51:12.471177",52.218306667,20.985360333,155.8,0.786,321,-0.1,"2023-06-09 14:51:12",0.0,24.61,fff93b9aacb140a29c07cfbb1c292922
259,"2023-06-09 14:51:44.225238",52.218677833,20.985147167,0.0,1.456,35,0.0,"2023-06-09 14:51:44",0.0,0.0,fff93b9aacb140a29c07cfbb1c292922
260,"2023-06-09 14:52:16.247764",52.218953833,20.9849095,0.0,1.279,303,0.0,"2023-06-09 14:52:16",0.0,0.0,fff93b9aacb140a29c07cfbb1c292922
261,"2023-06-09 14:53:27.910597",52.219505333,20.984332833,136.4,0.112,0,-0.1,"2023-06-09 14:53:27",11.943,27.14,fff93b9aacb140a29c07cfbb1c292922
262,"2023-06-09 14:54:01.435661",52.2195285,20.984415667,139.9,0.554,314,0.6,"2023-06-09 14:54:01",0.0,24.15,fff93b9aacb140a29c07cfbb1c292922
263,"2023-06-09 14:55:10.341188",52.220107,20.983695,163.2,0.844,0,0.1,"2023-06-09 14:55:10",0.0,0.0,fff93b9aacb140a29c07cfbb1c292922
264,"2023-06-09 14:55:42.891199",52.220152,20.982887,179.4,1.223,0,-0.1,"2023-06-09 14:55:42",11.906,27.83,fff93b9aacb140a29c07cfbb1c292922
265,"2023-06-09 14:56:46.074017",52.220362,20.981465,171.8,1.16,263,-1.2,"2023-06-09 14:56:45",11.891,27.6,fff93b9aacb140a29c07cfbb1c292922
266,"2023-06-09 14:57:17.544203",52.22059,20.9809645,162.3,1.232,0,0.1,"2023-06-09 14:57:17",0.0,35.88,fff93b9aacb140a29c07cfbb1c292922
267,"2023-06-09 14:58:47.980983",52.221599333,20.9807805,156.7,0.248,0,0.3,"2023-06-09 14:58:47",11.796,27.37,fff93b9aacb140a29c07cfbb1c292922
268,"2023-06-09 16:14:45.694444",52.217639333,20.984137333,158.2,0.146,0,-0.3,"2023-06-09 16:14:45",24.02,345.46,fff93b9aacb140a29c07cfbb1c292922
269,"2023-06-09 16:15:17.228109",52.217719833,20.984207833,0.0,0.778,0,0.0,"2023-06-09 16:15:17",0.0,0.0,fff93b9aacb140a29c07cfbb1c292922
270,"2023-06-09 16:16:20.605413",52.217550833,20.984963333,154.9,0.532,0,-0.1,"2023-06-09 16:16:20",0.0,23.0,fff93b9aacb140a29c07cfbb1c292922
271,"2023-06-09 16:16:52.075080",52.217595333,20.98471,155.8,0.287,0,0.2,"2023-06-09 16:16:51",199.315,23.0,fff93b9aacb140a29c07cfbb1c292922
272,"2023-06-09 16:18:26.976914",52.2176535,20.984548167,151.0,0.337,0,-0.3,"2023-06-09 16:18:26",0.0,23.0,fff93b9aacb140a29c07cfbb1c292922
273,"2023-06-09 16:19:30.603952",52.217629167,20.984195167,150.5,0.31,0,0.4,"2023-06-09 16:19:30",0.0,23.0,fff93b9aacb140a29c07cfbb1c292922
274,"2023-06-09 16:20:02.053277",52.2176865,20.984389333,149.6,0.381,0,-0.2,"2023-06-09 16:20:01",0.0,23.0,fff93b9aacb140a29c07cfbb1c292922
275,"2023-06-09 16:20:34.164073",52.217662667,20.984425,149.0,0.886,0,0.0,"2023-06-09 16:20:33",0.0,23.0,fff93b9aacb140a29c07cfbb1c292922
276,"2023-06-09 16:21:37.688579",52.217744167,20.984107833,139.9,1.446,0,-1.3,"2023-06-09 16:21:37",19.48,97.29,fff93b9aacb140a29c07cfbb1c292922
277,"2023-06-09 16:22:08.918491",52.217748833,20.984208833,139.2,0.33,0,-0.1,"2023-06-09 16:22:08",0.0,23.0,fff93b9aacb140a29c07cfbb1c292922
278,"2023-06-09 16:22:40.234041",52.217806833,20.984510833,0.0,0.202,0,0.0,"2023-06-09 16:22:40",0.0,0.0,fff93b9aacb140a29c07cfbb1c292922
279,"2023-06-09 16:23:43.244450",52.217749,20.9841755,0.0,0.506,0,0.0,"2023-06-09 16:23:43",0.0,0.0,fff93b9aacb140a29c07cfbb1c292922
280,"2023-06-09 16:24:15.044504",52.2176705,20.9845,139.0,0.386,0,0.0,"2023-06-09 16:24:14",54.206,163.53,fff93b9aacb140a29c07cfbb1c292922
281,"2023-06-09 16:25:18.468563",52.217652667,20.9845075,138.9,0.241,0,-0.1,"2023-06-09 16:25:18",0.0,23.0,fff93b9aacb140a29c07cfbb1c292922
282,"2023-06-09 16:25:49.987886",52.217703333,20.984436333,138.2,0.401,0,0.0,"2023-06-09 16:25:49",23.826,63.94,fff93b9aacb140a29c07cfbb1c292922
283,"2023-06-09 16:26:53.267879",52.217660833,20.984295333,0.0,0.614,0,0.0,"2023-06-09 16:26:53",0.0,0.0,fff93b9aacb140a29c07cfbb1c292922
284,"2023-06-09 16:27:23.594303",52.217621,20.984421167,135.8,0.165,0,0.1,"2023-06-09 16:27:23",0.0,23.0,fff93b9aacb140a29c07cfbb1c292922
285,"2023-06-09 16:28:26.087661",52.21768,20.984274667,133.8,0.657,0,0.0,"2023-06-09 16:28:25",18.129,102.81,fff93b9aacb140a29c07cfbb1c292922
286,"2023-06-09 16:28:56.517875",52.217621333,20.984323833,135.5,0.238,0,-0.1,"2023-06-09 16:28:56",0.0,23.0,fff93b9aacb140a29c07cfbb1c292922
287,"2023-06-09 16:29:58.928033",52.217615667,20.984751167,143.0,1.381,0,0.3,"2023-06-09 16:29:58",0.0,23.0,fff93b9aacb140a29c07cfbb1c292922
288,"2023-06-09 16:30:29.233939",52.21762,20.984674833,0.0,0.038,0,0.0,"2023-06-09 16:30:29",0.0,0.0,fff93b9aacb140a29c07cfbb1c292922
289,"2023-06-09 16:31:32.028615",52.217612667,20.984561333,143.9,0.405,0,0.2,"2023-06-09 16:31:31",0.0,23.0,fff93b9aacb140a29c07cfbb1c292922
290,"2023-06-09 16:32:02.347846",52.2176265,20.984363167,144.8,0.473,0,0.0,"2023-06-09 16:32:02",0.0,214.36,fff93b9aacb140a29c07cfbb1c292922
291,"2023-06-09 16:33:03.297283",52.217850833,20.983518167,144.8,0.569,0,0.1,"2023-06-09 16:33:03",0.0,0.0,fff93b9aacb140a29c07cfbb1c292922
292,"2023-06-09 16:33:33.787108",52.2176215,20.9842295,144.1,0.359,0,-0.2,"2023-06-09 16:33:33",142.136,404.8,fff93b9aacb140a29c07cfbb1c292922
293,"2023-06-09 16:34:34.867591",52.2175885,20.984470333,138.8,0.199,0,0.0,"2023-06-09 16:34:34",44.618,254.38,fff93b9aacb140a29c07cfbb1c292922
294,"2023-06-09 16:35:05.377560",52.217607833,20.984484333,140.7,0.038,0,0.5,"2023-06-09 16:35:05",0.0,104.65,fff93b9aacb140a29c07cfbb1c292922
295,"2023-06-09 16:36:07.207535",52.217670667,20.984257167,0.0,0.132,0,0.0,"2023-06-09 16:36:07",0.0,0.0,fff93b9aacb140a29c07cfbb1c292922
296,"2023-06-09 16:36:37.528150",52.218026333,20.9825025,149.5,1.727,287,-0.2,"2023-06-09 16:36:37",0.0,23.0,fff93b9aacb140a29c07cfbb1c292922
297,"2023-06-09 16:37:40.695193",52.217605667,20.984348667,141.0,0.233,0,0.0,"2023-06-09 16:37:40",51.409,328.21,fff93b9aacb140a29c07cfbb1c292922
298,"2023-06-09 16:38:12.414063",52.217628,20.984434833,142.5,0.418,0,0.1,"2023-06-09 16:38:12",0.0,345.23,fff93b9aacb140a29c07cfbb1c292922
299,"2023-06-09 16:39:14.307549",52.2177745,20.9839085,160.6,0.258,0,0.2,"2023-06-09 16:39:14",0.0,0.0,fff93b9aacb140a29c07cfbb1c292922
300,"2023-06-09 16:39:45.727574",52.217750833,20.984053333,161.6,0.384,0,0.1,"2023-06-09 16:39:45",78.121,225.63,fff93b9aacb140a29c07cfbb1c292922
301,"2023-06-09 16:40:47.787275",52.217704,20.984077,162.1,0.112,0,0.1,"2023-06-09 16:40:47",0.0,23.0,fff93b9aacb140a29c07cfbb1c292922
302,"2023-06-09 16:41:18.897079",52.217737333,20.983926833,162.0,0.153,0,-0.1,"2023-06-09 16:41:18",0.0,23.0,fff93b9aacb140a29c07cfbb1c292922
303,"2023-06-09 16:42:20.877668",52.217652,20.9843605,160.2,0.047,0,0.0,"2023-06-09 16:42:20",0.0,23.0,fff93b9aacb140a29c07cfbb1c292922
304,"2023-06-09 16:42:51.186779",52.217614167,20.984380833,0.0,0.038,0,0.0,"2023-06-09 16:42:51",0.0,0.0,fff93b9aacb140a29c07cfbb1c292922
305,"2023-06-09 16:43:52.717468",52.217535667,20.984450167,149.7,0.342,0,0.2,"2023-06-09 16:43:52",137.583,23.0,fff93b9aacb140a29c07cfbb1c292922
306,"2023-06-09 16:44:23.047215",52.2175925,20.984455333,147.3,0.203,0,-0.1,"2023-06-09 16:44:22",62.321,170.2,fff93b9aacb140a29c07cfbb1c292922
307,"2023-06-09 16:45:23.907040",52.217585333,20.984150167,148.4,0.209,0,-0.2,"2023-06-09 16:45:23",139.372,23.0,fff93b9aacb140a29c07cfbb1c292922
308,"2023-06-09 16:45:54.217702",52.217617167,20.984397,0.0,0.031,0,0.0,"2023-06-09 16:45:54",0.0,0.0,fff93b9aacb140a29c07cfbb1c292922
309,"2023-06-09 16:46:56.496964",52.217613833,20.985001667,154.7,0.282,0,0.7,"2023-06-09 16:46:56",0.0,99.36,fff93b9aacb140a29c07cfbb1c292922
310,"2023-06-09 16:47:26.796804",52.217719667,20.9845135,153.6,0.165,0,-0.2,"2023-06-09 16:47:26",0.0,23.0,fff93b9aacb140a29c07cfbb1c292922
311,"2023-06-09 16:48:29.798895",52.217719167,20.984327667,154.1,0.364,0,0.2,"2023-06-09 16:48:29",13.762,49.91,fff93b9aacb140a29c07cfbb1c292922
312,"2023-06-09 16:49:00.946717",52.2177615,20.9844295,157.2,0.177,0,-0.1,"2023-06-09 16:49:00",521.036,23.0,fff93b9aacb140a29c07cfbb1c292922
313,"2023-06-09 16:49:33.306795",52.217684833,20.984411667,157.0,0.117,0,0.1,"2023-06-09 16:49:33",0.0,0.0,fff93b9aacb140a29c07cfbb1c292922
314,"2023-06-09 16:50:04.940689",52.2177665,20.984449167,154.8,0.352,0,0.1,"2023-06-09 16:50:04",18.287,57.73,fff93b9aacb140a29c07cfbb1c292922
315,"2023-06-09 16:50:36.027964",52.217694167,20.9843765,154.0,0.025,0,-0.1,"2023-06-09 16:50:35",18.382,57.5,fff93b9aacb140a29c07cfbb1c292922
316,"2023-06-09 16:51:39.877209",52.2177095,20.984466167,151.7,0.35,0,-0.1,"2023-06-09 16:51:39",326.525,23.0,fff93b9aacb140a29c07cfbb1c292922
317,"2023-06-09 16:52:11.068378",52.217749167,20.984122333,152.4,1.196,0,-0.1,"2023-06-09 16:52:10",17.98,57.04,fff93b9aacb140a29c07cfbb1c292922
318,"2023-06-09 16:52:42.197097",52.21781,20.984318167,0.0,0.377,0,0.0,"2023-06-09 16:52:42",0.0,0.0,fff93b9aacb140a29c07cfbb1c292922
319,"2023-06-09 16:53:45.026306",52.2177425,20.984364667,150.2,0.243,0,-0.2,"2023-06-09 16:53:44",0.0,23.0,fff93b9aacb140a29c07cfbb1c292922
320,"2023-06-09 16:54:15.834347",52.217771833,20.984463333,150.1,0.171,0,0.3,"2023-06-09 16:54:15",0.0,23.0,fff93b9aacb140a29c07cfbb1c292922
321,"2023-06-09 16:55:19.083524",52.217798167,20.984774333,156.1,0.221,0,0.0,"2023-06-09 16:55:18",42.031,74.75,fff93b9aacb140a29c07cfbb1c292922
322,"2023-06-09 16:55:49.536775",52.217842,20.9844255,154.1,0.669,0,-0.1,"2023-06-09 16:55:49",0.0,47.38,fff93b9aacb140a29c07cfbb1c292922
323,"2023-06-09 16:56:54.568784",52.2177885,20.984472667,149.6,0.506,0,-0.2,"2023-06-09 16:56:54",0.0,72.22,fff93b9aacb140a29c07cfbb1c292922
324,"2023-06-09 16:57:25.727569",52.217876167,20.984264,147.9,0.599,0,0.1,"2023-06-09 16:57:25",42.166,73.37,fff93b9aacb140a29c07cfbb1c292922
325,"2023-06-09 16:58:29.098934",52.217791333,20.984253,152.5,0.185,0,0.0,"2023-06-09 16:58:28",15.725,48.76,fff93b9aacb140a29c07cfbb1c292922
326,"2023-06-09 16:59:01.072175",52.217716667,20.984422667,154.4,0.509,0,0.0,"2023-06-09 16:59:00",47.582,96.14,fff93b9aacb140a29c07cfbb1c292922
327,"2023-06-09 17:00:03.766133",52.2176325,20.984449667,152.4,0.29,0,0.0,"2023-06-09 17:00:03",0.0,23.0,fff93b9aacb140a29c07cfbb1c292922
328,"2023-06-09 17:00:34.996003",52.217584333,20.984492833,152.1,0.374,0,-0.1,"2023-06-09 17:00:34",0.0,23.0,fff93b9aacb140a29c07cfbb1c292922
329,"2023-06-09 17:01:37.968596",52.217801333,20.984450667,150.9,0.187,0,0.1,"2023-06-09 17:01:37",39.593,59.34,fff93b9aacb140a29c07cfbb1c292922
330,"2023-06-09 17:02:09.123840",52.2175605,20.984567333,153.4,0.768,0,0.0,"2023-06-09 17:02:08",16.717,54.05,fff93b9aacb140a29c07cfbb1c292922
331,"2023-06-09 17:03:12.045708",52.216635833,20.984845833,157.9,4.194,164,-0.2,"2023-06-09 17:03:11",40.664,59.8,fff93b9aacb140a29c07cfbb1c292922
332,"2023-06-09 17:03:43.235925",52.2175645,20.984474167,0.0,0.407,0,0.0,"2023-06-09 17:03:43",0.0,0.0,fff93b9aacb140a29c07cfbb1c292922
333,"2023-06-09 17:04:15.205976",52.217820667,20.984494333,0.0,1.507,0,0.0,"2023-06-09 17:04:15",0.0,0.0,fff93b9aacb140a29c07cfbb1c292922
334,"2023-06-09 17:05:18.257756",52.217593,20.984444833,0.0,1.119,0,0.0,"2023-06-09 17:05:18",0.0,0.0,fff93b9aacb140a29c07cfbb1c292922
335,"2023-06-09 17:06:21.015893",52.217651833,20.9841845,131.9,0.723,0,0.1,"2023-06-09 17:06:20",0.0,23.0,fff93b9aacb140a29c07cfbb1c292922
336,"2023-06-09 17:06:52.247659",52.21759,20.984490667,0.0,0.958,0,0.0,"2023-06-09 17:06:52",0.0,0.0,fff93b9aacb140a29c07cfbb1c292922
337,"2023-06-09 17:07:53.495737",52.217700333,20.984357667,136.1,0.949,0,0.1,"2023-06-09 17:07:53",0.0,23.0,fff93b9aacb140a29c07cfbb1c292922
